"chunk_timestamps","llm_explanation","keywords","subtitle"
"0s-10s","This segment presents a stark visual of a completely black screen, punctuated by a slowly rotating, orange circle. The accompanying text introduces the fundamental concept of a vector in linear algebra, stating that it's the ‘root-of-it-all building block.’ The visual simplicity and the initial definition establish a foundational element for the video's subsequent explanation.","['vector', 'linear algebra', 'black screen', 'circle', 'fundamentals']","The fundamental, root-of-it-all building block for linear algebra is the vector."
"10s-20s","The segment continues with a black screen and the phrase ‘The fundamental, root-of-it-all building block for linear algebra is the vector.’ This reinforces the initial concept.  The subsequent visuals show a vector represented as an arrow on a grid, highlighting its length and direction. The grid provides a visual context for understanding the vector's position in space.","['vector', 'linear algebra', 'arrow', 'grid', 'direction', 'length']","The fundamental, root-of-it-all building block for linear algebra is the vector.
So it's worth making sure that we're all on the same page about what exactly a vector is.
You see, broadly speaking, there are three distinct but related ideas about vectors, which I'll call the physics student perspective, the computer science student perspective, and the mathematician's perspective."
"20s-30s","This segment introduces the three perspectives on vectors: physics, computer science, and mathematics. The physics student is represented by a Pi symbol, emphasizing the connection to geometry and space. The computer science student is shown with a list of numbers, highlighting the numerical representation of vectors. The mathematician is also shown with a Pi symbol, signifying the mathematical nature of vectors.","['vector', 'physics', 'computer science', 'mathematics', 'perspective', 'Pi']","So it's worth making sure that we're all on the same page about what exactly a vector is.
You see, broadly speaking, there are three distinct but related ideas about vectors, which I'll call the physics student perspective, the computer science student perspective, and the mathematician's perspective.
The physics student perspective is that vectors are arrows pointing in space."
"30s-40s","The segment elaborates on the definition of a vector, stating that it's defined by its length and direction. It clarifies that a vector can be moved around without changing its identity, as long as its length and direction remain constant. This reinforces the core concept of a vector's properties.","['vector', 'length', 'direction', 'definition', 'properties']","You see, broadly speaking, there are three distinct but related ideas about vectors, which I'll call the physics student perspective, the computer science student perspective, and the mathematician's perspective.
The physics student perspective is that vectors are arrows pointing in space.
What defines a given vector is its length and the direction it's pointing, but as long as those two facts are the same, you can move it all around and it's still the same vector."
"40s-50s","This segment introduces the concept of two-dimensional and three-dimensional vectors. It provides an example of house prices, using square footage and price as features, illustrating how vectors can represent data in a multi-dimensional space. This connects the abstract concept of vectors to a practical application.","['vector', 'two-dimensional', 'three-dimensional', 'data', 'features', 'house prices']","What defines a given vector is its length and the direction it's pointing, but as long as those two facts are the same, you can move it all around and it's still the same vector.
Vectors that live in the flat plane are two-dimensional, and those sitting in broader space that you and I live in are three-dimensional."
"60s-70s","This segment introduces the concept of modeling houses as data points represented by vectors. Specifically, it focuses on two features: square footage (2,600 ft²) and price ($300,000). The visualization shows a house icon alongside a two-dimensional vector [2,600 ft², $300,000], and a CS student character to represent the data.  The segment emphasizes that a vector is simply a list of numbers, and in this case, it's a two-dimensional vector.","['house', 'vector', 'square footage', 'price', 'data', '2D vector']","For example, let's say you were doing some analytics about house prices, and the only features you cared about were square footage and price.
Notice, the order matters here."
"70s-80s","This segment expands on the vector concept, explaining that vectors can represent more than just houses. It introduces the idea of a mathematician generalizing the concept of a vector to include any list of numbers where addition and multiplication by a number are defined. The visual includes three CS student characters, each holding a pi symbol, representing different areas of study (Physics, Mathematics, and CS).","['vector', 'mathematics', 'generalization', 'addition', 'multiplication', 'CS student', 'pi']","Notice, the order matters here.
In the lingo, you'd be modeling houses as two-dimensional vectors, where in this context,Then, once you understand a new concept in the context of arrows in space, we'll translate it over to the list of numbers point of view, which we can do by considering the coordinates of the vector.
Now, while I'm sure that many of you are already familiar with this coordinate system, it's worth walking through explicitly, since this is where all of the important back and forth happens between the two perspectives of linear algebra., once you understand a new concept in the context of arrows in space, we'll translate it over to the list of numbers point of view, which we can do by considering the coordinates of the vector.
Now, while I'm sure that many of you are already familiar with this coordinate system, it's worth walking through explicitly, since this is where all of the important back and forth happens between the two perspectives of linear algebra., once you understand a new concept in the context of arrows in space, we'll translate it over to the list of numbers point of view, which we can do by considering the coordinates of the vector.
Now, while I'm sure that many of you are already familiar with this coordinate system, it's worth walking through explicitly, since this is where all of the important back and forth happens between the two perspectives of linear algebra., once you understand a new concept in the context of arrows in space, we'll translate it over to the list of numbers point of view, which we can do by considering the coordinates of the vector.
Now, while I'm sure that many of you are already familiar with this coordinate system, it's worth walking through explicitly, since this is where all of the important back and forth happens between the two perspectives of linear algebra., and what makes it two-dimensional is the fact that the length of that list is 2."
"80s-90s","The segment reiterates the mathematician's broader view of vectors, emphasizing that they can be any list of numbers with defined addition and multiplication operations. It advises viewers to temporarily ignore this abstract concept and focus on more concrete examples in subsequent videos. The visual remains consistent with the previous segment,Now, while I'm sure that many of you are already familiar with this coordinate system, it's worth walking through explicitly, since this is where all of the important back and forth happens between the two perspectives of linear algebra.
Focusing our attention on two dimensions for the moment, you have a horizontal line, called the x-axis, and a vertical line, called the y-axis.
The place where they intersect is called the origin, which you should think of as the center of space and the root of all vectors.,"['vector', 'mathematics', 'abstraction', 'addition', 'multiplication', 'concrete examples']","In the lingo, you'd be modeling houses as two-dimensional vectors, where in this context, vector is pretty much just a fancy word for list, and what makes it two-dimensional is the fact that the length of that list is 2.
The mathematician, on the other hand, seeks to generalize both these views, basically saying that a vector can be anything where there's a sensible notion of adding two vectors and multiplying a vector by a number, operations that I'll talk about later on in this video."
"90s-100s","This segment highlights the importance of vector addition and multiplication by numbers in the field of linear algebra. It acknowledges that the concept of vectors can be abstract and suggests postponing a deep dive into these operations until later in the series. The visual continues to feature the three CS student characters.","['vector', 'linear algebra', 'addition', 'multiplication', 'abstraction']","The mathematician, on the other hand, seeks to generalize both these views, basically saying that a vector can be anything where there's a sensible notion of adding two vectors and multiplying a vector by a number, operations that I'll talk about later on in this video.
The details of this view are rather abstract, and I actually think it's healthy to ignore it until the last video of this series, favoring a more concrete setting in the interim."
"100s-110s","This segment reinforces the idea that vector addition and multiplication by numbers are fundamental to linear algebra. It sets the stage for future discussions by stating that these operations will be explored in more detail later in the series. The visual remains consistent with the previous segments, featuring the three CS student characters.","['vector', 'linear algebra', 'addition', 'multiplication', 'future discussion']","The details of this view are rather abstract, and I actually think it's healthy to ignore it until the last video of this series, favoring a more concrete setting in the interim.
But the reason I bring it up here is that it hints at the fact that the ideas of vector addition and multiplication by numbers will play an important role throughout linear algebra."
"110s-120s","This segment concludes the segment by emphasizing the need to focus on a specific thought process when discussing vectors, preparing the audience for the upcoming exploration of vector addition and multiplication. The visual continues to feature the three CS student characters.","['vector', 'focus', 'addition', 'multiplication', 'preparation']","But the reason I bring it up here is that it hints at the fact that the ideas of vector addition and multiplication by numbers will play an important role throughout linear algebra.
But before I talk about those operations, let's just settle in on a specific thought to have in mind when I say the word vector."
"120s-130s","This segment introduces the concept of vectors within a geometric context. The presenter emphasizes that when discussing vectors, it's crucial to visualize them as arrows positioned within a coordinate system, typically the xy-plane. The tail of the arrow is always anchored at the origin. This approach contrasts with the physics perspective, where vectors can be located anywhere in space. The visual representation consistently uses a grid to illustrate the coordinate axes and the placement of the vectors.","['vectors', 'coordinate system', 'origin', 'geometric', 'arrow']","But before I talk about those operations, let's just settle in on a specific thought to have in mind when I say the word vector.
Given the geometric focus that I'm shooting for here, whenever I introduce a new topic involving vectors, I want you to first think about an arrow, and specifically, think about that arrow inside a coordinate system, like the xy plane, with its tail sitting at the origin."
"130s-140s","The segment reiterates the core concept of vectors as arrows in a coordinate system, specifically the xy-plane. It highlights a key distinction between the geometric and physics viewpoints: in linear algebra, vectors are almost always rooted at the origin, while in physics, they can be positioned anywhere. The presenter prepares the audience to transition from visualizing vectors spatially to understanding them as lists of numbers, which can be determined by the vector's coordinates.","['vectors', 'origin', 'coordinate system', 'linear algebra', 'physics']","Given the geometric focus that I'm shooting for here, whenever I introduce a new topic involving vectors, I want you to first think about an arrow, and specifically, think about that arrow inside a coordinate system, like the xy plane, with its tail sitting at the origin.
This is a little bit different from the physics student perspective, where vectors can freely sit anywhere they want in space."
"140s-150s","This segment reinforces the origin as the foundational point for vectors in linear algebra. It explains that the process of translating a spatial understanding of vectors into a numerical representation involves considering the coordinates of the vector. The visual continues to show the arrow in the coordinate system, emphasizing the importance of the origin.","['vectors', 'origin', 'coordinates', 'linear algebra', 'geometric']","Given the geometric focus that I'm shooting for here, whenever I introduce a new topic involving vectors, I want you to first think about an arrow, and specifically, think about that arrow inside a coordinate system, like the xy plane, with its tail sitting at the origin.
This is a little bit different from the physics student perspective, where vectors can freely sit anywhere they want in space.
In linear algebra, it's almost always the case that your vector will be rooted at the origin.
Then, once you understand a new concept in the context of arrows in space, we'll translate it over to the list of numbers point of view, which we can do by considering the coordinates of the vector."
"150s-160s","The segment clarifies the importance of the coordinate system for understanding vectors. It acknowledges that the audience may already be familiar with this system but stresses the need for an explicit walkthrough. This system, defined by the x and y axes intersecting at the origin, is the foundation for representing vectors numerically. The presenter sets the stage for the subsequent discussion of how to translate spatial vector representations into numerical vectors.","['coordinate system', 'vectors', 'x-axis', 'y-axis', 'origin']","In linear algebra, it's almost always the case that your vector will be rooted at the origin.
Then, once you understand a new concept in the context of arrows in space, we'll translate it over to the list of numbers point of view, which we can do by considering the coordinates of the vector."
"160s-170s","This segment further elaborates on the coordinate system, specifically defining the x and y axes and emphasizing the origin as the central point. The presenter uses the terms 'x-axis' and 'y-axis' to clearly delineate the two dimensions of the coordinate system. The origin is described as the 'center of space' and the 'root of all vectors', solidifying its importance in the context of vector representation.","['coordinate system', 'x-axis', 'y-axis', 'origin', 'vectors']","Then, once you understand a new concept in the context of arrows in space, we'll translate it over to the list of numbers point of view, which we can do by considering the coordinates of the vector.
Now, while I'm sure that many of you are already familiar with this coordinate system, it's worth walking through explicitly, since this is where all of the important back and forth happens between the two perspectives of linear algebra."
"170s-180s","The segment visually reinforces the coordinate system by showing the x and y axes. It explicitly states that the x-axis is horizontal and the y-axis is vertical, and that the intersection of these axes is the origin. This segment serves to solidify the audience's understanding of the fundamental elements of the coordinate system used to represent vectors.","['coordinate system', 'x-axis', 'y-axis', 'origin', 'vectors']","Now, while I'm sure that many of you are already familiar with this coordinate system, it's worth walking through explicitly, since this is where all of the important back and forth happens between the two perspectives of linear algebra.
Focusing our attention on two dimensions for the moment, you have a horizontal line, called the x-axis, and a vertical line, called the y-axis.
The place where they intersect is called the origin, which you should think of as the center of space and the root of all vectors."
"180s-190s","This segment introduces the fundamental concepts of two-dimensional space. A black background displays a horizontal line (x-axis) and a vertical line (y-axis) intersecting at the origin. The origin is described as the ‘root of all vectors’ and a central point. The segment then explains that a length of 1 is chosen to mark the axes, establishing a basic coordinate system.","['x-axis', 'y-axis', 'origin', 'vectors', 'coordinates']","Focusing our attention on two dimensions for the moment, you have a horizontal line, called the x-axis, and a vertical line, called the y-axis.
The place where they intersect is called the origin, which you should think of as the center of space and the root of all vectors.
After choosing an arbitrary length to represent 1, you make tick marks on each axis to represent this distance."
"190s-200s","Continuing the explanation of the coordinate system, the segment details how to represent 2D space using a grid of tick marks.  The speaker notes that the grid lines will become more prominent in subsequent segments, but for now, they are slightly obstructive.","['2D space', 'grid', 'coordinates', 'tick marks']","After choosing an arbitrary length to represent 1, you make tick marks on each axis to represent this distance.
When I want to convey the idea of 2D space as a whole, which you'll see comes up a lot in these videos, I'll extend these tick marks to make grid lines, but right now they'll actually get a little bit in the way."
"200s-210s","This segment focuses on the definition of vector coordinates. It explains that a vector's coordinates are a pair of numbers that provide instructions for moving from the vector's tail (at the origin) to its tip. The first number indicates movement along the x-axis (positive for right, negative for left), and the second number indicates movement along the y-axis (positive for up, negative for down).","['vector', 'coordinates', 'x-axis', 'y-axis', 'movement']","When I want to convey the idea of 2D space as a whole, which you'll see comes up a lot in these videos, I'll extend these tick marks to make grid lines, but right now they'll actually get a little bit in the way.
The coordinates of a vector is a pair of numbers that basically gives instructions for how to get from the tail of that vector, at the origin, to its tip.
The first number tells you how far to walk along the x-axis, positive numbers indicating rightward motion, negative numbers indicating leftward motion, and the second number tells you how far to walk parallel to the y-axis after that, positive numbers indicating upward motion, and negative numbers indicating downward motion."
"210s-220s","The segment reiterates the explanation of vector coordinates, emphasizing that the first number represents horizontal movement and the second represents vertical movement. It clarifies that positive values indicate movement in the positive direction along each axis.","['vector', 'coordinates', 'x-axis', 'y-axis', 'positive', 'negative']","The coordinates of a vector is a pair of numbers that basically gives instructions for how to get from the tail of that vector, at the origin, to its tip.
The first number tells you how far to walk along the x-axis, positive numbers indicating rightward motion, negative numbers indicating leftward motion, and the second number tells you how far to walk parallel to the y-axis after that, positive numbers indicating upward motion, and negative numbers indicating downward motion."
"220s-230s","This segment clarifies the notation for representing vectors. It states that the coordinates of a vector are written vertically, enclosed in square brackets, to distinguish them from points.  Each pair of numbers corresponds to a unique vector.","['vector', 'coordinates', 'notation', 'square brackets', 'points']","The first number tells you how far to walk along the x-axis, positive numbers indicating rightward motion, negative numbers indicating leftward motion, and the second number tells you how far to walk parallel to the y-axis after that, positive numbers indicating upward motion, and negative numbers indicating downward motion.
To distinguish vectors from points, the convention is to write this pair of numbers vertically, with square brackets around them."
"240s-250s","This segment introduces the concept of vectors in 3D space. The visuals show the addition of a third axis (z-axis) to the standard x and y axes, allowing for the representation of vectors as ordered triplets of numbers (x, y, z). The text reinforces this idea, stating that each vector is uniquely associated with a specific triplet of numbers, and that these triplets define the vector's position in 3D space.","['vectors', '3D space', 'coordinates', 'triplets']","Every pair of numbers gives you one and only one vector, and every vector is associated with one and only one pair of numbers.
Well, you add a third axis, called the z-axis, which is perpendicular to both the x and y-axes, and in this case, each vector is associated with an ordered triplet of numbers."
"250s-260s","This segment elaborates on the previous one, explaining that each triplet of numbers corresponds to a specific movement along the x, y, and z axes.  The visual reinforces this by showing how the numbers in the triplet directly translate to the distance traveled along each axis.  The text emphasizes the one-to-one correspondence between vectors and their associated triplets.","['vector addition', 'coordinates', 'x-axis', 'y-axis', 'z-axis']","Well, you add a third axis, called the z-axis, which is perpendicular to both the x and y-axes, and in this case, each vector is associated with an ordered triplet of numbers.
The first tells you how far to move along the x-axis, the second tells you how far to move parallel to the y-axis, and the third one tells you how far to then move parallel to this new z-axis."
"260s-270s","This segment continues to build on the concept of vectors, stating that every triplet of numbers defines a unique vector in space. The visual shows a stylized mathematician with a Pi symbol, further emphasizing the mathematical nature of the topic. The text reiterates the fundamental relationship between vectors and their numerical representations.","['vectors', 'mathematics', 'linear algebra', 'triplets']","The first tells you how far to move along the x-axis, the second tells you how far to move parallel to the y-axis, and the third one tells you how far to then move parallel to this new z-axis.
Every triplet of numbers gives you one unique vector in space, and every vector in space gives you exactly one triplet of numbers."
"270s-280s","This segment introduces the idea of vector multiplication by numbers, stating that this operation is fundamental to linear algebra. The visual shows a vector being scaled by a number, visually demonstrating the effect of multiplying a vector by a scalar. The text highlights the importance of this operation as a core concept in the field.","['vector multiplication', 'linear algebra', 'scalars', 'scaling']","Every triplet of numbers gives you one unique vector in space, and every vector in space gives you exactly one triplet of numbers.
Alright, so back to vector addition and multiplication by numbers.
After all, every topic in linear algebra is going to center around these two operations."
"280s-290s","This segment illustrates vector addition through a visual example. Two vectors, one pointing upwards and slightly to the right, and the other pointing to the right and downwards, are shown. The text explains that to add these vectors, the tail of the second vector is placed at the tip of the first, and the resulting vector is drawn from the first vector's tail to the second vector's tip.","['vector addition', 'vectors', 'geometric addition']","Alright, so back to vector addition and multiplication by numbers.
After all, every topic in linear algebra is going to center around these two operations.
Let's say we have two vectors, one pointing up and a little to the right, and the other one pointing right and down a bit."
"290s-300s","This segment provides a visual confirmation of the vector addition rule. It shows the same two vectors from the previous segment, with the resulting vector clearly depicted after applying the addition rule. The text reinforces the process of adding vectors by moving the second vector to the tip of the first and drawing the resultant vector.","['vector addition', 'vectors', 'geometric addition', 'addition rule']","Let's say we have two vectors, one pointing up and a little to the right, and the other one pointing right and down a bit.
To add these two vectors, move the second one so that its tail sits at the tip of the first one.
Then, if you draw a new vector from the tail of the first one to where the tip of the second one now sits, that new vector is their sum."
"300s-310s","This segment visually demonstrates vector addition. Two vectors, Δ and W, are shown on a coordinate plane. The instructions detail how to add the vectors by moving the tail of the second vector (W) to the tip of the first vector (Δ), and then drawing a new vector from the tail of the first vector to the new position of the second vector. This new vector represents the sum of the two original vectors.","['vector addition', 'vectors', 'coordinate plane', 'sum of vectors']","To add these two vectors, move the second one so that its tail sits at the tip of the first one.
Then, if you draw a new vector from the tail of the first one to where the tip of the second one now sits, that new vector is their sum."
"310s-320s","The segment continues to illustrate vector addition. The vectors Δ and W remain on the coordinate plane, and the process of adding them is visually reinforced. The explanation emphasizes the logical reasoning behind this method – aligning the vectors and drawing a resultant vector.","['vector addition', 'vectors', 'alignment', 'resultant vector']","Now, why is this a reasonable thing to do?"
"320s-330s","This segment shows the sum of the vectors Δ and W, visually represented as a single vector. The visual emphasizes the concept that the sum of two vectors can be represented as a single vector with the same magnitude and direction. The question mark indicates a point of inquiry about the resulting vector.","['vector addition', 'vectors', 'sum', 'resultant vector']","Now, why is this a reasonable thing to do?
Well, the way I like to think about it is that each vector represents a certain movement, a step with a certain distance and direction in space."
"330s-340s","The segment provides an intuitive explanation of vector addition, drawing an analogy to adding numbers on a number line. It suggests that vector addition is similar to combining movements in a linear fashion. The Pi symbol is included as a visual aid.","['vector addition', 'analogies', 'number line', 'movement']","Well, the way I like to think about it is that each vector represents a certain movement, a step with a certain distance and direction in space.
And, if you take a step along the first vector, then take a step in the direction and distance described by the second vector, the overall effect is just the same as if you moved along the sum of those two vectors to start with."
"340s-350s","This segment further elaborates on the analogy of vector addition to number addition. It uses the example of 2 + 5 to illustrate how adding vectors is equivalent to combining movements. The explanation highlights that moving two steps and then five steps is the same as moving seven steps in total, reinforcing the concept of vector summation.","['vector addition', 'number addition', 'analogy', 'step']","And, if you take a step along the first vector, then take a step in the direction and distance described by the second vector, the overall effect is just the same as if you moved along the sum of those two vectors to start with.
You could think about this as an extension of how we think about adding numbers on a number line.
One way that we teach kids to think about this, say with 2 plus 5, is to think of moving two steps to the right, followed by another 5 steps to the right."
"360s-370s","This segment visually demonstrates vector addition using the tip-to-tail method. Two vectors, represented by arrows with coordinates (1, 2) and (3, -1), are added. The explanation highlights that this method is equivalent to first adding the horizontal components (1 + 3 = 4) and then adding the vertical components (2 + (-1) = 1). The resulting vector has coordinates (4, 1).","['vector addition', 'tip-to-tail', 'vectors', 'coordinate system']","The overall effect is the same as if you just took 7 steps to the right.
The first vector here has coordinates 1, 2, and the second one has coordinates 3, negative 1."
"370s-380s","The segment reiterates the vector addition process, emphasizing the same visual representation of the two vectors (1, 2) and (3, -1). It reinforces the concept of adding the components separately and then combining the results to find the resultant vector.","['vector addition', 'vectors', 'components', 'resultant vector']","The first vector here has coordinates 1, 2, and the second one has coordinates 3, negative 1.
When you take the vector sum using this tip-to-tail method, you can think of a four-step path from the origin to the tip of the second vector."
"380s-390s","This segment provides an alternative way to visualize vector addition: by first adding the horizontal components (1 + 3 = 4) and then adding the vertical components (2 - 1 = 1).  The resulting vector is then shown with coordinates (4, 1). This method is equivalent to the tip-to-tail approach.","['vector addition', 'horizontal components', 'vertical components', 'resultant vector']","When you take the vector sum using this tip-to-tail method, you can think of a four-step path from the origin to the tip of the second vector.
Reorganizing these steps so that you first do all of the rightward motion, then do all the vertical motion, you can read it as saying, first move 1 plus 3 to the right, then move 2 minus 1 up."
"390s-400s","The segment focuses on the general principle of vector addition, stating that it involves matching up corresponding components and adding them together.  It uses the example of the vectors (1, 2) and (3, -1) to illustrate this process.","['vector addition', 'components', 'addition', 'mathematics']","Reorganizing these steps so that you first do all of the rightward motion, then do all the vertical motion, you can read it as saying, first move 1 plus 3 to the right, then move 2 minus 1 up.
So the new vector has coordinates 1 plus 3 and 2 plus negative 1."
"400s-410s","This segment visually presents the vector addition of (1, 2) and (3, -1) using a graphical representation. The components are clearly labeled, and the addition is shown as a straightforward process of combining the corresponding values.","['vector addition', 'components', 'graphical representation', 'mathematics']","So the new vector has coordinates 1 plus 3 and 2 plus negative 1.
In general, vector addition in this list of numbers conception looks like matching up their terms and adding each one together."
"410s-420s","The segment displays a blank screen with a vector symbol and the letter 'V', suggesting a focus on vectors and their properties. The visual is minimalistic, likely serving as a transition or reminder of the previous concepts.","['vectors', 'V', 'mathematics']","In general, vector addition in this list of numbers conception looks like matching up their terms and adding each one together.
Now this is best understood just by looking at a few examples."
"420s-430s","This segment introduces the concept of vector scaling. It demonstrates how multiplying a vector by a scalar changes its magnitude. Specifically, multiplying a vector by 2 stretches it to twice its original length, while multiplying by 1/3 squashes it to one-third its original length. The visuals show a vector and its scaled versions, illustrating the effect of these scalar operations.","['vector', 'scaling', 'scalar', 'magnitude', 'length']","Now this is best understood just by looking at a few examples.
If you take the number 2 and multiply it by a given vector, it means you stretch out that vector so that it's 2 times as long as when you started.
If you multiply that vector by, say, 1 third, it means you squish it down so that it's 1 3rd the original length."
"430s-440s","The segment continues to elaborate on vector scaling, explaining that multiplying a vector by a negative number reverses its direction and then stretches it by the absolute value of the negative scalar. The visuals depict a vector flipped and stretched, visually representing this operation. The concept of a scalar is explicitly introduced.","['vector', 'scaling', 'scalar', 'negative', 'direction']","If you take the number 2 and multiply it by a given vector, it means you stretch out that vector so that it's 2 times as long as when you started.
If you multiply that vector by, say, 1 third, it means you squish it down so that it's 1 3rd the original length.
When you multiply it by a negative number, like negative 1.8, then the vector first gets flipped around, then stretched out by that factor of 1.8."
"440s-450s","This segment defines the process of scaling as ‘stretching or squishing or sometimes reversing the direction of a vector.’ It introduces the term ‘scalar’ as the number used to perform this operation. The segment emphasizes that scaling is a fundamental operation in linear algebra.","['scaling', 'vector', 'scalar', 'linear algebra']","When you multiply it by a negative number, like negative 1.8, then the vector first gets flipped around, then stretched out by that factor of 1.8.
This process of stretching or squishing or sometimes reversing the direction of a vector is called scaling."
"450s-460s","The segment reinforces the connection between numbers (scalars) and vector scaling. It clarifies that multiplying a vector by a scalar involves multiplying each component of the vector by that scalar. The visual representation of a vector and its scaled version is used to illustrate this point.","['vector', 'scaling', 'scalar', 'components']","This process of stretching or squishing or sometimes reversing the direction of a vector is called scaling.
And whenever you catch a number, like 2 or 1 third or negative 1.8, acting like this, scaling some vector, you call it a scalar."
"460s-470s","This segment further solidifies the understanding of scalar multiplication, stating that it's a primary function of numbers in linear algebra. It highlights the interchangeability of the terms ‘scalar’ and ‘number’ in this context. The example of multiplying a vector by 2 is presented to illustrate the concept.","['vector', 'scaling', 'scalar', 'linear algebra', 'number']","And whenever you catch a number, like 2 or 1 third or negative 1.8, acting like this, scaling some vector, you call it a scalar.
In fact, throughout linear algebra, one of the main things that numbers do is scale vectors, so it's common to use the word scalar pretty much interchangeably with the word number."
"470s-480s","The segment provides a numerical example of vector scaling, showing how multiplying the vector [3, 1] by 2 results in the vector [6, 2]. This visual representation reinforces the idea that each component of the vector is multiplied by the scalar.","['vector', 'scaling', 'scalar', 'multiplication', 'components']","In fact, throughout linear algebra, one of the main things that numbers do is scale vectors, so it's common to use the word scalar pretty much interchangeably with the word number.
Numerically, stretching out a vector by a factor of, say, 2 corresponds with multiplying each of its components by that factor, 2.
So in the conception of vectors as lists of numbers, multiplying a given vector by a scalar means multiplying each one of those components by that scalar."
"530s-540s","This segment visually demonstrates the concept of vector multiplication and its relationship to scaling vectors. The initial frames show vectors being stretched by a factor of 2, visually represented by doubling their lengths. The subtitles reinforce this idea, explaining that multiplying a vector by a scalar effectively scales each component of the vector.  The subsequent visualizations transition to showing how this concept applies to different fields, highlighting the utility of linear algebra in both data analysis and physics/computer graphics, where it provides a powerful way to represent and manipulate spatial relationships using numerical operations. The final frames showcase a complex vector field, illustrating the broader application of these principles.","['vector multiplication', 'scalar multiplication', 'linear algebra', 'scaling', 'vectors', 'data analysis', 'physics', 'computer graphics']","The usefulness of linear algebra has less to do with either one of these views than it does with the ability to translate back and forth between them.
It gives the data analyst a nice way to conceptualize many lists of numbers in a visual way, which can seriously clarify patterns in data and give a global view of what certain operations do.
And on the flip side, it gives people like physicists and computer graphics programmers a language to describe space and the manipulation of space using numbers that can be crunched and run through a computer."
"540s-550s","This segment features a series of static, black-and-white images displaying a grid pattern overlaid with a stylized pi symbol. The visuals are minimalist and geometric, emphasizing lines and squares. The accompanying text discusses the utility of vector concepts for data analysis and computer graphics, highlighting how they provide a visual language for representing and manipulating space and numbers. It specifically mentions applications in animation and physics, illustrating how numerical representations can be used to define and control visual elements.","['vectors', 'mathematics', 'graphics', 'animation', 'space', 'numbers', 'pi']","It gives the data analyst a nice way to conceptualize many lists of numbers in a visual way, which can seriously clarify patterns in data and give a global view of what certain operations do.
And on the flip side, it gives people like physicists and computer graphics programmers a language to describe space and the manipulation of space using numbers that can be crunched and run through a computer."
"550s-560s","The segment continues the visual exploration of vectors, now demonstrating how they can be combined and manipulated. The screen displays code snippets related to vector operations, including the creation of a ‘NumberPlane’ and a ‘PiCreature’.  The visuals show the manipulation of vectors, represented as arrows on a 2D plane, illustrating linear combinations and their impact on the position of the ‘PiCreature’. The text reinforces the idea of using numerical representations to define and control visual elements in animation.","['vectors', 'linear combinations', 'code', 'programming', 'graphics', 'pi', 'plane']","And on the flip side, it gives people like physicists and computer graphics programmers a language to describe space and the manipulation of space using numbers that can be crunched and run through a computer.
When I do mathy animations, for example, I start by thinking about what's actually going on in space and then get the computer to represent things numerically, thereby figuring out where to place the pixels on the screen."
"560s-570s","This segment transitions to a discussion of linear combinations, span, and bases, introducing these concepts within the context of vectors. The visuals consist of animated arrows on a 2D plane, demonstrating how vectors can be combined to form new vectors. The text explicitly states that the next video will delve deeper into these topics. The segment visually represents the idea of a basis as a set of linearly independent vectors that can be used to span a vector space.","['vectors', 'linear combinations', 'span', 'bases', 'mathematics', 'geometry']","When I do mathy animations, for example, I start by thinking about what's actually going on in space and then get the computer to represent things numerically, thereby figuring out where to place the pixels on the screen.
So there are your vector basics, and in the next video, I'll start getting into some pretty neat concepts surrounding vectors, like span, bases, and linear dependence."
"570s-580s","The segment continues to illustrate linear combinations and span using animated vectors on a 2D plane. The visuals show how different combinations of vectors can result in various positions and orientations. The text reinforces the concepts of span and linear dependence. The segment provides a clear visual representation of how vectors can be combined to create new vectors and how these combinations define a vector space.","['vectors', 'linear combinations', 'span', 'dependence', 'geometry', 'mathematics']","So there are your vector basics, and in the next video, I'll start getting into some pretty neat concepts surrounding vectors, like span, bases, and linear dependence."
"580s-590s","This segment presents a silent, static image of a 2D plane with vectors drawn on it. The visual is minimalistic, focusing on the representation of vectors in a geometric space. The accompanying text is absent, suggesting a pause or transition within the video. The segment serves as a brief visual interlude before the next section.","['vectors', 'geometry', 'space', 'silent']","..Silent/No one is not taking.."
"590s-591s","This segment is also silent and static, displaying a blank screen. The absence of visuals and accompanying text indicates a pause or transition within the video. It serves as a brief visual interlude before the next section.","['silent', 'pause', 'transition']","..Silent/No one is not taking.."
