Start (s),End (s),Segment
0.96,3.84,What is the best loss function?
4.16,7.28,The age-old question in machine learning.
7.60,9.76,Will we solve this problem today?
11.28,24.08,"Nope, but we will talk about some loss functions, their pros and cons, and even discuss a recent paper on adaptive loss functions, so that would mean that you don't need to keep trying out different losses to find the best one that suits your needs."
24.40,25.28,Fun stuff.
25.92,28.24,"Okay, first, let's focus on regression."
28.56,30.00,I've got this data set here.
30.32,32.24,It looks like a line can fit this data.
32.56,39.20,"I'll train a linear regression model on it, and I choose to use the squared loss to minimize it."
39.52,40.72,The L2 loss.
41.36,43.68,My curve looks something like this.
47.76,48.96,"Okay, looks pretty good."
49.20,50.80,And it's also pretty simple.
51.12,58.72,"But if I introduce some outliers in this data, my model responds by freaking the hell out and trying to fit those data points better."
59.04,68.16,"This happens because that square term scales the errors by these outliers, so the model really wants to get these obscure points right."
68.72,72.16,I'll just change the loss function to the absolute difference.
72.48,82.00,"My model now treats the outliers like any other data point, so it won't go out of its way for outliers if it means compromising the rest of the model."
82.32,89.20,"This might lead to poor predictions from time to time, but if you really don't care about the extreme cases, this will do."
89.52,92.48,"Support vector regression uses this, by the way."
94.56,102.72,The advantage of the squared error is the ease with which we can compute the gradient for machine learning during gradient descent.
103.04,110.00,This gradient is not as simple in the absolute error case because of the points of discontinuity.
110.96,118.00,"The mean absolute error isn't optimized through gradient descent, but it's optimized by computing sub-gradients instead."
118.24,123.12,"It adds a bit more complexity, and I'll add some reading material in the description down below."
123.68,128.16,"We got two losses, one that loves outliers and another that ignores them."
128.48,134.40,"If you think that one doesn't work, you'll just use the other, and that might be fine in most cases."
134.72,136.16,But consider this.
136.80,141.60,Our data is about like 70% in one direction and 30% in the other direction.
141.92,154.80,"Technically, this data does not have any outliers, but our absolute loss may treat the 30% data as outliers and ignore it altogether, while the squared loss will try to capture those 30%."
155.68,158.48,Both decisions can lead to poor model performance.
158.80,160.40,How do we compromise?
160.72,163.52,We can do so by using the pseudo-Huber loss.
163.84,165.68,This is the best of both losses.
166.00,170.64,"If a data point has a relatively low error, we take the squared loss."
170.96,174.96,"If the data point is an outlier, we take the absolute loss."
175.28,181.92,The result is that it reduces the effects of outliers on the model while still being differentiable.
182.24,184.88,"And as such, it's slightly more complex."
185.44,189.76,The main problem here is that we have an extra hyperparameter to play with.
191.76,197.36,These are the most popular regression-based losses that you see in built-in regressors.
198.24,200.24,Now for classification losses.
200.56,204.40,"In classification, our outputs are obviously the class."
204.96,210.32,"But more precisely, it's the list of probabilities of belonging to different classes."
210.64,215.76,"And we just choose a class with the highest probability, cuz duh."
216.40,218.72,This list is a probability distribution.
219.04,224.64,"We compare this to the ground truth, and how we compare it depends on the losses we use."
225.20,226.80,So cross-entropy loss.
227.44,233.20,"Entropy has its roots in information theory, so I'll explain it from that perspective."
233.52,245.20,"So say that there's this weather station, and it sends you a weather forecast at the beginning of each day, and it tells you what weather it is on that day using some n bits of information."
245.84,251.76,"In its best case, say this information can be packed in as low as three bits on average."
252.08,258.40,"Two bits for sunny, four bits for a rainy day, three bits for a partly cloudy day, and so on."
259.20,268.88,"The entropy of a distribution is the average number of bits required to convey a piece of information, like today's weather in this case."
269.20,271.44,So the entropy in this example is three.
272.00,273.12,Three bits.
275.28,277.12,But the tower isn't perfect.
277.28,280.72,It's designed by engineers who have flaws themselves.
281.04,287.68,There is some wastage and it is found that the tower actually sends you five bits on average.
288.00,289.92,This is cross-entropy.
290.24,294.00,We are comparing the true average and the satellite's current average.
294.32,297.36,"Entropy is 3 bits, but cross-entropy is 5 bits."
297.68,310.00,"This means that we could have had a system that tells us the weather with just 3 bits, but we have a system currently, that is our satellite, that is using 5 bits to do the same thing."
310.32,314.16,"Ideally, we want these numbers to be much closer to each other."
314.48,320.40,This 2-bit difference is known as the KL or the Kolbach-Lieber divergence.
320.72,328.48,This little satellite is actually similar to a model that we train to predict the weather in machine learning as a classification problem.
328.80,336.64,"And so in many classification problems, cross-entropy and KL divergence are often used as loss functions to minimize."
337.84,344.16,"Another loss is the hinge loss, typically used in support vector machines for classification tasks."
344.48,351.92,"Minimizing this, we get a boundary that splits the data well and is as far away from every data point as possible."
352.24,356.48,"That is, it maximizes the minimum margin from the data points."
357.04,362.64,"This loss penalizes data points even if they are correctly labeled, if they lie in this margin."
362.96,366.72,I've made several overly mathematical videos on kernels and SVMs.
366.88,369.28,Check it out if you want to lower your self-esteem.
369.84,372.96,I'm going to wrap up this video with a paper discussion.
373.20,379.76,"We've taken a rough look at six common losses for classification and regression, but there are far more."
380.08,382.48,Some better suited for certain problems.
382.80,386.48,We have a set of points we want to fit a regression line through.
386.72,388.80,Squared loss does it decently well.
389.12,391.60,We add outliers and try to fit it again.
391.92,393.36,Doesn't look too great anymore.
393.68,398.00,"So we try the pseudo-Huber loss, and this gives us better results."
398.32,402.24,"But I'm not satisfied yet, so let's try some other losses."
402.56,404.08,So we have the Welsh loss.
404.56,405.84,Results are trash.
406.16,407.76,The Giemann McClure loss.
408.08,409.76,It fits this data better.
410.96,412.32,Now Cauchy's loss.
413.28,415.04,This fits the data even better.
415.36,416.24,I like this.
417.68,422.96,"It's nice that I found the loss function I liked, but I found this by trial and error."
423.28,432.32,Is there a way that I could have just used a loss function without trial and error and somehow arrived at the actual minimum that I wanted?
432.96,442.80,"Turns out that all these losses that I mentioned can be generalized to this equation by setting different values for alpha, which is a shape parameter."
443.44,445.76,How do we add alpha into the mix though?
446.08,448.16,Maximum likelihood estimation.
448.40,455.12,We maximize the likelihood of the probability distribution or minimize the negative log likelihood.
455.44,458.08,So it becomes an adaptive loss.
458.64,462.32,This technique is typically used to derive losses mathematically.
462.96,466.56,And this actually leads to some interesting results.
467.12,473.60,Here are some examples of images when we let a variational autoencoder to determine a loss and generate images.
473.92,475.36,They aren't half bad.
475.68,479.44,The idea of an adaptive loss sounds like an amazing idea.
479.76,488.08,"Hope you all have a better idea behind loss functions, the differences between them, and a sprinkle of research on adaptive loss functions."
488.96,493.36,And so we can avoid trial and error to determine the most appropriate losses.
493.68,495.52,I have resources in the description below.
495.68,500.80,"If you like these videos, please subscribe to keep the lights up in my little apartment, and I will see you soon."
501.12,502.00,Bye-bye.
